Location, LOC
/TestProjects/smallsql0.21_src/src/smallsql/database/FileIndexNode.java,6
/TestProjects/smallsql0.21_src/src/smallsql/database/CommandTable.java,3
/TestProjects/smallsql0.21_src/src/smallsql/database/SSStatement.java,4
/TestProjects/smallsql0.21_src/src/smallsql/database/ExpressionFunctionRight.java,8
/TestProjects/smallsql0.21_src/src/smallsql/junit/TestExceptions.java,7
/TestProjects/smallsql0.21_src/src/smallsql/database/LongTreeList.java,28
/TestProjects/smallsql0.21_src/src/smallsql/database/ExpressionFunctionTruncate.java,15
/TestProjects/smallsql0.21_src/src/smallsql/junit/TestFunctions.java,4
/TestProjects/smallsql0.21_src/src/smallsql/database/ExpressionFunctionConvert.java,6
/TestProjects/smallsql0.21_src/src/smallsql/database/ExpressionFunctionAbs.java,6
/TestProjects/smallsql0.21_src/src/smallsql/database/SQLToken.java,6
/TestProjects/smallsql0.21_src/src/smallsql/database/MutableNumeric.java,6
/TestProjects/smallsql0.21_src/src/smallsql/database/ExpressionValue.java,194
/TestProjects/smallsql0.21_src/src/smallsql/database/SSCallableStatement.java,36
/TestProjects/smallsql0.21_src/src/smallsql/database/View.java,3
/TestProjects/smallsql0.21_src/src/smallsql/junit/TestOperatoren.java,58
/TestProjects/smallsql0.21_src/src/smallsql/database/SSResultSetMetaData.java,38
/TestProjects/smallsql0.21_src/src/smallsql/junit/TestJoins.java,10
/TestProjects/smallsql0.21_src/src/smallsql/database/IndexNode.java,6
/TestProjects/smallsql0.21_src/src/smallsql/junit/TestThreads.java,16
/TestProjects/smallsql0.21_src/src/smallsql/junit/TestDBMetaData.java,28
/TestProjects/smallsql0.21_src/src/smallsql/database/ExpressionArithmetic.java,154
/TestProjects/smallsql0.21_src/src/smallsql/database/ExpressionFunctionReturnP1.java,9
/TestProjects/smallsql0.21_src/src/smallsql/database/TableView.java,6
/TestProjects/smallsql0.21_src/src/smallsql/database/Index.java,77
/TestProjects/smallsql0.21_src/src/smallsql/database/SSPreparedStatement.java,4
/TestProjects/smallsql0.21_src/src/smallsql/database/Utils.java,6
/TestProjects/smallsql0.21_src/src/smallsql/database/IndexScrollStatus.java,12
/TestProjects/smallsql0.21_src/src/smallsql/junit/TestResultSet.java,68
/TestProjects/smallsql0.21_src/src/smallsql/junit/TestOrderBy.java,313
/TestProjects/smallsql0.21_src/src/smallsql/database/Table.java,26
/TestProjects/smallsql0.21_src/src/smallsql/junit/TestScrollable.java,52
/TestProjects/smallsql0.21_src/src/smallsql/junit/BasicTestCase.java,25
/TestProjects/smallsql0.21_src/src/smallsql/database/Database.java,27
/TestProjects/smallsql0.21_src/src/smallsql/database/SQLParser.java,75
/TestProjects/smallsql0.21_src/src/smallsql/database/DateTime.java,236
/TestProjects/smallsql0.21_src/src/smallsql/database/ExpressionFunctionLeft.java,11
/TestProjects/smallsql0.21_src/src/smallsql/database/CommandSet.java,3
/TestProjects/smallsql0.21_src/src/smallsql/database/JoinScroll.java,12
/TestProjects/smallsql0.21_src/src/smallsql/junit/TestAlterTable2.java,8
/TestProjects/smallsql0.21_src/src/smallsql/database/SSResultSet.java,42
/TestProjects/smallsql0.21_src/src/smallsql/database/ExpressionFunctionRTrim.java,3
/TestProjects/smallsql0.21_src/src/smallsql/database/CommandInsert.java,6
/TestProjects/smallsql0.21_src/src/smallsql/database/StoreImpl.java,309
/TestProjects/smallsql0.21_src/src/smallsql/database/ExpressionFunctionSubstring.java,3
/TestProjects/smallsql0.21_src/src/smallsql/junit/BenchTest.java,169
/TestProjects/smallsql0.21_src/src/smallsql/junit/TestLanguage.java,6
/TestProjects/smallsql0.21_src/src/smallsql/database/ExpressionFunctionSign.java,10
/TestProjects/smallsql0.21_src/src/smallsql/junit/TestMoneyRounding.java,10
/TestProjects/smallsql0.21_src/src/smallsql/junit/TestAlterTable.java,8
/TestProjects/smallsql0.21_src/src/smallsql/database/ExpressionFunctionLTrim.java,3
/TestProjects/smallsql0.21_src/src/smallsql/database/ExpressionFunctionRound.java,15
/TestProjects/smallsql0.21_src/src/smallsql/junit/TestTransactions.java,136
/TestProjects/smallsql0.21_src/src/smallsql/database/IndexDescription.java,6
/TestProjects/smallsql0.21_src/src/smallsql/database/GroupResult.java,8
/TestProjects/smallsql0.21_src/src/smallsql/database/ExpressionFunctionReturnFloat.java,3
/TestProjects/smallsql0.21_src/src/smallsql/junit/TestDeleteUpdate.java,6
/TestProjects/smallsql0.21_src/src/smallsql/junit/TestOther.java,27
/TestProjects/smallsql0.21_src/src/smallsql/database/SQLTokenizer.java,8
/TestProjects/smallsql0.21_src/src/smallsql/junit/TestStatement.java,54
/TestProjects/smallsql0.21_src/src/smallsql/junit/TestDataTypes.java,13